method,exact_value_n18,exact_set_n13,any_3_n69
XLSX Template Executor v4,50.0,87.17948717948718,65.31400966183575
RDF Template SPARQL v3,50.0,64.1025641025641,59.51690821256038
Text-to-Pandas Agent,11.11111111111111,58.97435897435898,65.07246376811594
Plain Text Vector RAG,0.0,49.48717948717949,39.61352657004831
JSON Serialization Vector RAG,0.0,31.28205128205128,15.603864734299519
